type,count,addr,length,ttl,rssi,tick,retry,device_address 
req,1,65535 
res,1,146,2,7,-96,38,0,30:c6:f7:15:43:36 
req,2,65535 
res,2,146,2,7,-99,139,0,30:c6:f7:15:43:36 
req,3,65535 
res,3,146,2,6,-88,140,0,30:c6:f7:15:43:36 
req,4,65535 
res,4,146,2,6,-86,145,0,30:c6:f7:15:43:36 
req,5,65535 
res,5,146,2,6,-90,140,0,30:c6:f7:15:43:36 
req,6,65535 
res,6,146,2,6,-84,139,0,30:c6:f7:15:43:36 
req,7,65535 
res,7,146,2,6,-86,143,0,30:c6:f7:15:43:36 
req,8,65535 
res,8,146,2,6,-91,141,0,30:c6:f7:15:43:36 
req,9,65535 
res,9,146,2,6,-85,141,0,30:c6:f7:15:43:36 
req,10,65535 
res,10,146,2,6,-85,134,0,30:c6:f7:15:43:36 
req,11,65535 
res,11,146,2,6,-94,135,0,30:c6:f7:15:43:36 
req,12,65535 
res,12,146,2,6,-95,135,0,30:c6:f7:15:43:36 
req,13,65535 
res,13,146,2,6,-90,139,0,30:c6:f7:15:43:36 
req,14,65535 
res,14,146,2,6,-84,133,0,30:c6:f7:15:43:36 
req,15,65535 
res,15,146,2,6,-91,136,0,30:c6:f7:15:43:36 
req,16,65535 
res,16,146,2,6,-97,135,0,30:c6:f7:15:43:36 
req,17,65535 
res,17,146,2,6,-89,135,0,30:c6:f7:15:43:36 
req,18,65535 
res,18,146,2,6,-91,137,0,30:c6:f7:15:43:36 
req,19,65535 
res,19,146,2,6,-96,141,0,30:c6:f7:15:43:36 
req,20,65535 
res,20,146,2,6,-84,142,0,30:c6:f7:15:43:36 
req,21,65535 
res,21,146,2,6,-84,139,0,30:c6:f7:15:43:36 
req,22,65535 
res,22,146,2,6,-90,135,0,30:c6:f7:15:43:36 
req,23,65535 
res,23,146,2,6,-91,137,0,30:c6:f7:15:43:36 
req,24,65535 
res,24,146,2,6,-84,141,0,30:c6:f7:15:43:36 
req,25,65535 
res,25,146,2,7,-97,132,0,30:c6:f7:15:43:36 
req,26,65535 
res,26,146,2,7,-100,132,0,30:c6:f7:15:43:36 
req,27,65535 
res,27,146,2,6,-89,137,0,30:c6:f7:15:43:36 
req,28,65535 
req,28,65535 
res,28,146,2,6,-97,39,1,30:c6:f7:15:43:36 
req,29,65535 
res,29,146,2,6,-98,136,0,30:c6:f7:15:43:36 
req,30,65535 
res,30,146,2,6,-90,147,0,30:c6:f7:15:43:36 
req,31,65535 
res,31,146,2,6,-85,141,0,30:c6:f7:15:43:36 
req,32,65535 
res,32,146,2,7,-95,134,0,30:c6:f7:15:43:36 
req,33,65535 
res,33,146,2,6,-85,135,0,30:c6:f7:15:43:36 
req,34,65535 
res,34,146,2,6,-91,141,0,30:c6:f7:15:43:36 
req,35,65535 
res,35,146,2,6,-85,143,0,30:c6:f7:15:43:36 
req,36,65535 
res,36,146,2,6,-100,137,0,30:c6:f7:15:43:36 
req,37,65535 
res,37,146,2,6,-89,137,0,30:c6:f7:15:43:36 
req,38,65535 
res,38,146,2,6,-89,135,0,30:c6:f7:15:43:36 
req,39,65535 
res,39,146,2,7,-98,139,0,30:c6:f7:15:43:36 
req,40,65535 
res,40,146,2,6,-100,139,0,30:c6:f7:15:43:36 
req,41,65535 
res,41,146,2,6,-98,134,0,30:c6:f7:15:43:36 
req,42,65535 
res,42,146,2,6,-97,137,0,30:c6:f7:15:43:36 
req,43,65535 
res,43,146,2,6,-96,142,0,30:c6:f7:15:43:36 
req,44,65535 
res,44,146,2,6,-85,142,0,30:c6:f7:15:43:36 
req,45,65535 
res,45,146,2,7,-100,139,0,30:c6:f7:15:43:36 
req,46,65535 
res,46,146,2,6,-98,136,0,30:c6:f7:15:43:36 
req,47,65535 
res,47,146,2,6,-90,142,0,30:c6:f7:15:43:36 
req,48,65535 
res,48,146,2,6,-90,134,0,30:c6:f7:15:43:36 
req,49,65535 
res,49,146,2,6,-91,149,0,30:c6:f7:15:43:36 
req,50,65535 
res,50,146,2,7,-96,132,0,30:c6:f7:15:43:36 
req,51,65535 
res,51,146,2,6,-96,135,0,30:c6:f7:15:43:36 
req,52,65535 
res,52,146,2,6,-91,143,0,30:c6:f7:15:43:36 
req,53,65535 
res,53,146,2,7,-95,140,0,30:c6:f7:15:43:36 
req,54,65535 
res,54,146,2,7,-97,136,0,30:c6:f7:15:43:36 
req,55,65535 
res,55,146,2,6,-85,147,0,30:c6:f7:15:43:36 
req,56,65535 
res,56,146,2,6,-98,139,0,30:c6:f7:15:43:36 
req,57,65535 
res,57,146,2,7,-98,132,0,30:c6:f7:15:43:36 
req,58,65535 
res,58,146,2,7,-97,133,0,30:c6:f7:15:43:36 
req,59,65535 
res,59,146,2,6,-99,135,0,30:c6:f7:15:43:36 
req,60,65535 
res,60,146,2,7,-97,135,0,30:c6:f7:15:43:36 
req,61,65535 
res,61,146,2,6,-85,137,0,30:c6:f7:15:43:36 
req,62,65535 
res,62,146,2,6,-91,138,0,30:c6:f7:15:43:36 
req,63,65535 
res,63,146,2,6,-97,147,0,30:c6:f7:15:43:36 
req,64,65535 
res,64,146,2,7,-101,133,0,30:c6:f7:15:43:36 
req,65,65535 
res,65,146,2,6,-89,139,0,30:c6:f7:15:43:36 
req,66,65535 
res,66,146,2,6,-93,144,0,30:c6:f7:15:43:36 
req,67,65535 
res,67,146,2,6,-97,139,0,30:c6:f7:15:43:36 
req,68,65535 
res,68,146,2,6,-90,134,0,30:c6:f7:15:43:36 
req,69,65535 
res,69,146,2,7,-102,140,0,30:c6:f7:15:43:36 
req,70,65535 
res,70,146,2,6,-97,136,0,30:c6:f7:15:43:36 
req,71,65535 
res,71,146,2,6,-84,138,0,30:c6:f7:15:43:36 
req,72,65535 
res,72,146,2,6,-98,140,0,30:c6:f7:15:43:36 
req,73,65535 
res,73,146,2,6,-90,138,0,30:c6:f7:15:43:36 
req,74,65535 
res,74,146,2,6,-99,142,0,30:c6:f7:15:43:36 
req,75,65535 
res,75,146,2,6,-90,139,0,30:c6:f7:15:43:36 
req,76,65535 
res,76,146,2,6,-90,138,0,30:c6:f7:15:43:36 
req,77,65535 
res,77,146,2,7,-99,139,0,30:c6:f7:15:43:36 
req,78,65535 
res,78,146,2,7,-97,134,0,30:c6:f7:15:43:36 
req,79,65535 
res,79,146,2,6,-96,134,0,30:c6:f7:15:43:36 
req,80,65535 
res,80,146,2,7,-99,136,0,30:c6:f7:15:43:36 
req,81,65535 
res,81,146,2,6,-96,133,0,30:c6:f7:15:43:36 
req,82,65535 
res,82,146,2,7,-97,141,0,30:c6:f7:15:43:36 
req,83,65535 
res,83,146,2,6,-97,135,0,30:c6:f7:15:43:36 
req,84,65535 
res,84,146,2,6,-85,138,0,30:c6:f7:15:43:36 
req,85,65535 
res,85,146,2,6,-84,139,0,30:c6:f7:15:43:36 
req,86,65535 
req,86,65535 
res,86,146,2,6,-90,39,1,30:c6:f7:15:43:36 
req,87,65535 
res,87,146,2,6,-84,143,0,30:c6:f7:15:43:36 
req,88,65535 
req,88,65535 
res,88,146,2,6,-90,40,1,30:c6:f7:15:43:36 
req,89,65535 
res,89,146,2,6,-90,141,0,30:c6:f7:15:43:36 
req,90,65535 
res,90,146,2,6,-97,138,0,30:c6:f7:15:43:36 
req,91,65535 
res,91,146,2,6,-90,138,0,30:c6:f7:15:43:36 
req,92,65535 
res,92,146,2,7,-96,137,0,30:c6:f7:15:43:36 
req,93,65535 
res,93,146,2,7,-105,135,0,30:c6:f7:15:43:36 
req,94,65535 
res,94,146,2,6,-96,136,0,30:c6:f7:15:43:36 
req,95,65535 
res,95,146,2,6,-85,136,0,30:c6:f7:15:43:36 
req,96,65535 
res,96,146,2,7,-100,150,0,30:c6:f7:15:43:36 
req,97,65535 
res,97,146,2,6,-85,140,0,30:c6:f7:15:43:36 
req,98,65535 
res,98,146,2,6,-96,135,0,30:c6:f7:15:43:36 
req,99,65535 
res,99,146,2,6,-90,134,0,30:c6:f7:15:43:36 
req,100,65535 
res,100,146,2,6,-95,136,0,30:c6:f7:15:43:36 
req,101,65535 
res,101,146,2,6,-90,135,0,30:c6:f7:15:43:36 
req,102,65535 
res,102,146,2,6,-97,145,0,30:c6:f7:15:43:36 
req,103,65535 
res,103,146,2,7,-97,143,0,30:c6:f7:15:43:36 
req,104,65535 
res,104,146,2,7,-100,140,0,30:c6:f7:15:43:36 
req,105,65535 
res,105,146,2,6,-86,139,0,30:c6:f7:15:43:36 
req,106,65535 
res,106,146,2,7,-98,136,0,30:c6:f7:15:43:36 
req,107,65535 
res,107,146,2,6,-89,137,0,30:c6:f7:15:43:36 
req,108,65535 
res,108,146,2,6,-96,134,0,30:c6:f7:15:43:36 
req,109,65535 
res,109,146,2,6,-85,140,0,30:c6:f7:15:43:36 
req,110,65535 
res,110,146,2,6,-89,143,0,30:c6:f7:15:43:36 
req,111,65535 
res,111,146,2,6,-96,141,0,30:c6:f7:15:43:36 
req,112,65535 
res,112,146,2,6,-90,138,0,30:c6:f7:15:43:36 
req,113,65535 
res,113,146,2,6,-95,139,0,30:c6:f7:15:43:36 
req,114,65535 
res,114,146,2,6,-91,142,0,30:c6:f7:15:43:36 
req,115,65535 
res,115,146,2,6,-90,141,0,30:c6:f7:15:43:36 
req,116,65535 
res,116,146,2,6,-85,135,0,30:c6:f7:15:43:36 
req,117,65535 
res,117,146,2,6,-98,141,0,30:c6:f7:15:43:36 
req,118,65535 
res,118,146,2,6,-86,140,0,30:c6:f7:15:43:36 
req,119,65535 
res,119,146,2,6,-85,137,0,30:c6:f7:15:43:36 
req,120,65535 
res,120,146,2,6,-91,138,0,30:c6:f7:15:43:36 
req,121,65535 
res,121,146,2,6,-92,135,0,30:c6:f7:15:43:36 
req,122,65535 
res,122,146,2,6,-86,145,0,30:c6:f7:15:43:36 
req,123,65535 
res,123,146,2,6,-91,134,0,30:c6:f7:15:43:36 
req,124,65535 
res,124,146,2,6,-91,144,0,30:c6:f7:15:43:36 
req,125,65535 
res,125,146,2,6,-85,138,0,30:c6:f7:15:43:36 
req,126,65535 
res,126,146,2,6,-99,143,0,30:c6:f7:15:43:36 
req,127,65535 
res,127,146,2,6,-90,139,0,30:c6:f7:15:43:36 
req,128,65535 
res,128,146,2,6,-89,138,0,30:c6:f7:15:43:36 
req,129,65535 
res,129,146,2,6,-85,136,0,30:c6:f7:15:43:36 
req,130,65535 
res,130,146,2,6,-86,136,0,30:c6:f7:15:43:36 
req,131,65535 
res,131,146,2,6,-97,145,0,30:c6:f7:15:43:36 
req,132,65535 
res,132,146,2,6,-98,136,0,30:c6:f7:15:43:36 
req,133,65535 
res,133,146,2,6,-97,138,0,30:c6:f7:15:43:36 
req,134,65535 
res,134,146,2,6,-85,141,0,30:c6:f7:15:43:36 
req,135,65535 
res,135,146,2,6,-86,137,0,30:c6:f7:15:43:36 
req,136,65535 
res,136,146,2,6,-96,136,0,30:c6:f7:15:43:36 
req,137,65535 
res,137,146,2,6,-85,137,0,30:c6:f7:15:43:36 
req,138,65535 
res,138,146,2,6,-91,144,0,30:c6:f7:15:43:36 
req,139,65535 
res,139,146,2,6,-96,146,0,30:c6:f7:15:43:36 
req,140,65535 
res,140,146,2,6,-85,136,0,30:c6:f7:15:43:36 
req,141,65535 
res,141,146,2,6,-88,134,0,30:c6:f7:15:43:36 
req,142,65535 
res,142,146,2,6,-90,145,0,30:c6:f7:15:43:36 
req,143,65535 
res,143,146,2,6,-91,135,0,30:c6:f7:15:43:36 
req,144,65535 
res,144,146,2,6,-90,135,0,30:c6:f7:15:43:36 
req,145,65535 
res,145,146,2,6,-86,148,0,30:c6:f7:15:43:36 
req,146,65535 
res,146,146,2,6,-93,138,0,30:c6:f7:15:43:36 
req,147,65535 
res,147,146,2,6,-91,144,0,30:c6:f7:15:43:36 
req,148,65535 
res,148,146,2,6,-98,140,0,30:c6:f7:15:43:36 
req,149,65535 
res,149,146,2,6,-90,140,0,30:c6:f7:15:43:36 
req,150,65535 
res,150,146,2,6,-99,145,0,30:c6:f7:15:43:36 
req,151,65535 
res,151,146,2,6,-99,138,0,30:c6:f7:15:43:36 
req,152,65535 
res,152,146,2,7,-99,137,0,30:c6:f7:15:43:36 
req,153,65535 
res,153,146,2,6,-96,140,0,30:c6:f7:15:43:36 
req,154,65535 
res,154,146,2,6,-85,139,0,30:c6:f7:15:43:36 
req,155,65535 
res,155,146,2,7,-105,140,0,30:c6:f7:15:43:36 
req,156,65535 
res,156,146,2,6,-90,144,0,30:c6:f7:15:43:36 
req,157,65535 
res,157,146,2,7,-99,136,0,30:c6:f7:15:43:36 
req,158,65535 
res,158,146,2,7,-102,138,0,30:c6:f7:15:43:36 
req,159,65535 
res,159,146,2,7,-100,152,0,30:c6:f7:15:43:36 
req,160,65535 
res,160,146,2,7,-100,133,0,30:c6:f7:15:43:36 
req,161,65535 
res,161,146,2,6,-90,147,0,30:c6:f7:15:43:36 
req,162,65535 
res,162,146,2,6,-91,141,0,30:c6:f7:15:43:36 
req,163,65535 
res,163,146,2,6,-86,139,0,30:c6:f7:15:43:36 
req,164,65535 
res,164,146,2,6,-85,140,0,30:c6:f7:15:43:36 
req,165,65535 
res,165,146,2,7,-99,132,0,30:c6:f7:15:43:36 
req,166,65535 
res,166,146,2,6,-97,140,0,30:c6:f7:15:43:36 
req,167,65535 
res,167,146,2,7,-99,138,0,30:c6:f7:15:43:36 
req,168,65535 
res,168,146,2,6,-97,139,0,30:c6:f7:15:43:36 
req,169,65535 
res,169,146,2,7,-98,137,0,30:c6:f7:15:43:36 
req,170,65535 
res,170,146,2,7,-102,143,0,30:c6:f7:15:43:36 
req,171,65535 
res,171,146,2,7,-98,138,0,30:c6:f7:15:43:36 
req,172,65535 
req,172,65535 
res,172,146,2,6,-96,41,1,30:c6:f7:15:43:36 
req,173,65535 
req,173,65535 
res,173,146,2,6,-98,41,1,30:c6:f7:15:43:36 
req,174,65535 
res,174,146,2,6,-90,143,0,30:c6:f7:15:43:36 
req,175,65535 
res,175,146,2,6,-90,144,0,30:c6:f7:15:43:36 
req,176,65535 
res,176,146,2,7,-98,136,0,30:c6:f7:15:43:36 
req,177,65535 
res,177,146,2,6,-96,136,0,30:c6:f7:15:43:36 
req,178,65535 
res,178,146,2,6,-98,146,0,30:c6:f7:15:43:36 
req,179,65535 
res,179,146,2,6,-96,144,0,30:c6:f7:15:43:36 
req,180,65535 
res,180,146,2,7,-99,134,0,30:c6:f7:15:43:36 
req,181,65535 
res,181,146,2,6,-97,149,0,30:c6:f7:15:43:36 
req,182,65535 
res,182,146,2,6,-96,141,0,30:c6:f7:15:43:36 
req,183,65535 
res,183,146,2,6,-86,141,0,30:c6:f7:15:43:36 
req,184,65535 
res,184,146,2,6,-97,138,0,30:c6:f7:15:43:36 
req,185,65535 
res,185,146,2,6,-97,137,0,30:c6:f7:15:43:36 
req,186,65535 
res,186,146,2,6,-96,137,0,30:c6:f7:15:43:36 
req,187,65535 
res,187,146,2,6,-85,151,0,30:c6:f7:15:43:36 
req,188,65535 
res,188,146,2,6,-90,135,0,30:c6:f7:15:43:36 
req,189,65535 
res,189,146,2,6,-85,138,0,30:c6:f7:15:43:36 
req,190,65535 
res,190,146,2,6,-97,138,0,30:c6:f7:15:43:36 
req,191,65535 
res,191,146,2,7,-100,136,0,30:c6:f7:15:43:36 
req,192,65535 
res,192,146,2,6,-90,139,0,30:c6:f7:15:43:36 
req,193,65535 
res,193,146,2,6,-96,140,0,30:c6:f7:15:43:36 
req,194,65535 
res,194,146,2,6,-89,139,0,30:c6:f7:15:43:36 
req,195,65535 
res,195,146,2,6,-91,143,0,30:c6:f7:15:43:36 
req,196,65535 
res,196,146,2,6,-89,142,0,30:c6:f7:15:43:36 
req,197,65535 
res,197,146,2,6,-91,138,0,30:c6:f7:15:43:36 
req,198,65535 
res,198,146,2,7,-100,137,0,30:c6:f7:15:43:36 
req,199,65535 
res,199,146,2,6,-94,137,0,30:c6:f7:15:43:36 
req,200,65535 
res,200,146,2,7,-100,140,0,30:c6:f7:15:43:36 
req,201,65535 
res,201,146,2,7,-97,144,0,30:c6:f7:15:43:36 
req,202,65535 
res,202,146,2,6,-95,134,0,30:c6:f7:15:43:36 
req,203,65535 
res,203,146,2,6,-85,137,0,30:c6:f7:15:43:36 
req,204,65535 
res,204,146,2,6,-90,137,0,30:c6:f7:15:43:36 
req,205,65535 
res,205,146,2,6,-90,140,0,30:c6:f7:15:43:36 
req,206,65535 
res,206,146,2,6,-91,136,0,30:c6:f7:15:43:36 
req,207,65535 
res,207,146,2,7,-99,135,0,30:c6:f7:15:43:36 
req,208,65535 
res,208,146,2,6,-90,136,0,30:c6:f7:15:43:36 
req,209,65535 
res,209,146,2,6,-97,136,0,30:c6:f7:15:43:36 
req,210,65535 
res,210,146,2,7,-100,135,0,30:c6:f7:15:43:36 
req,211,65535 
res,211,146,2,6,-85,146,0,30:c6:f7:15:43:36 
req,212,65535 
res,212,146,2,6,-99,136,0,30:c6:f7:15:43:36 
req,213,65535 
res,213,146,2,6,-97,141,0,30:c6:f7:15:43:36 
req,214,65535 
res,214,146,2,7,-100,132,0,30:c6:f7:15:43:36 
req,215,65535 
req,215,65535 
res,215,146,2,6,-97,35,1,30:c6:f7:15:43:36 
req,216,65535 
res,216,146,2,7,-102,137,0,30:c6:f7:15:43:36 
req,217,65535 
res,217,146,2,7,-97,138,0,30:c6:f7:15:43:36 
req,218,65535 
res,218,146,2,6,-98,136,0,30:c6:f7:15:43:36 
req,219,65535 
res,219,146,2,6,-86,140,0,30:c6:f7:15:43:36 
req,220,65535 
res,220,146,2,6,-85,141,0,30:c6:f7:15:43:36 
req,221,65535 
res,221,146,2,6,-90,143,0,30:c6:f7:15:43:36 
req,222,65535 
res,222,146,2,6,-84,137,0,30:c6:f7:15:43:36 
req,223,65535 
res,223,146,2,6,-98,142,0,30:c6:f7:15:43:36 
req,224,65535 
res,224,146,2,7,-99,134,0,30:c6:f7:15:43:36 
req,225,65535 
req,225,65535 
res,225,146,2,7,-98,31,1,30:c6:f7:15:43:36 
req,226,65535 
res,226,146,2,6,-89,143,0,30:c6:f7:15:43:36 
req,227,65535 
res,227,146,2,7,-100,143,0,30:c6:f7:15:43:36 
req,228,65535 
res,228,146,2,7,-96,140,0,30:c6:f7:15:43:36 
req,229,65535 
res,229,146,2,6,-85,140,0,30:c6:f7:15:43:36 
req,230,65535 
res,230,146,2,6,-90,141,0,30:c6:f7:15:43:36 
req,231,65535 
res,231,146,2,6,-94,141,0,30:c6:f7:15:43:36 
req,232,65535 
res,232,146,2,6,-99,143,0,30:c6:f7:15:43:36 
req,233,65535 
res,233,146,2,7,-99,146,0,30:c6:f7:15:43:36 
req,234,65535 
res,234,146,2,7,-97,135,0,30:c6:f7:15:43:36 
req,235,65535 
res,235,146,2,7,-100,137,0,30:c6:f7:15:43:36 
req,236,65535 
res,236,146,2,6,-93,138,0,30:c6:f7:15:43:36 
req,237,65535 
res,237,146,2,7,-98,135,0,30:c6:f7:15:43:36 
req,238,65535 
res,238,146,2,6,-90,143,0,30:c6:f7:15:43:36 
req,239,65535 
res,239,146,2,7,-95,138,0,30:c6:f7:15:43:36 
req,240,65535 
res,240,146,2,6,-91,146,0,30:c6:f7:15:43:36 
req,241,65535 
res,241,146,2,6,-84,150,0,30:c6:f7:15:43:36 
req,242,65535 
res,242,146,2,6,-87,137,0,30:c6:f7:15:43:36 
req,243,65535 
res,243,146,2,6,-86,138,0,30:c6:f7:15:43:36 
req,244,65535 
res,244,146,2,6,-85,142,0,30:c6:f7:15:43:36 
req,245,65535 
res,245,146,2,6,-85,137,0,30:c6:f7:15:43:36 
req,246,65535 
res,246,146,2,6,-90,144,0,30:c6:f7:15:43:36 
req,247,65535 
res,247,146,2,6,-96,135,0,30:c6:f7:15:43:36 
req,248,65535 
res,248,146,2,6,-91,140,0,30:c6:f7:15:43:36 
req,249,65535 
res,249,146,2,6,-97,144,0,30:c6:f7:15:43:36 
req,250,65535 
res,250,146,2,6,-85,143,0,30:c6:f7:15:43:36 
req,251,65535 
res,251,146,2,6,-98,140,0,30:c6:f7:15:43:36 
req,252,65535 
res,252,146,2,7,-99,133,0,30:c6:f7:15:43:36 
req,253,65535 
res,253,146,2,6,-94,139,0,30:c6:f7:15:43:36 
req,254,65535 
res,254,146,2,7,-101,137,0,30:c6:f7:15:43:36 
req,255,65535 
res,255,146,2,6,-85,147,0,30:c6:f7:15:43:36 
req,256,65535 
res,256,146,2,6,-96,144,0,30:c6:f7:15:43:36 
req,257,65535 
res,257,146,2,6,-96,142,0,30:c6:f7:15:43:36 
req,258,65535 
res,258,146,2,6,-90,141,0,30:c6:f7:15:43:36 
req,259,65535 
req,259,65535 
res,259,146,2,6,-90,44,1,30:c6:f7:15:43:36 
req,260,65535 
res,260,146,2,6,-97,150,0,30:c6:f7:15:43:36 
req,261,65535 
res,261,146,2,6,-84,136,0,30:c6:f7:15:43:36 
req,262,65535 
res,262,146,2,7,-98,130,0,30:c6:f7:15:43:36 
req,263,65535 
res,263,146,2,6,-97,137,0,30:c6:f7:15:43:36 
req,264,65535 
res,264,146,2,6,-90,145,0,30:c6:f7:15:43:36 
req,265,65535 
res,265,146,2,6,-95,136,0,30:c6:f7:15:43:36 
req,266,65535 
res,266,146,2,6,-88,140,0,30:c6:f7:15:43:36 
req,267,65535 
res,267,146,2,6,-96,139,0,30:c6:f7:15:43:36 
req,268,65535 
res,268,146,2,6,-95,134,0,30:c6:f7:15:43:36 
req,269,65535 
res,269,146,2,6,-85,137,0,30:c6:f7:15:43:36 
req,270,65535 
res,270,146,2,6,-97,138,0,30:c6:f7:15:43:36 
req,271,65535 
res,271,146,2,6,-97,137,0,30:c6:f7:15:43:36 
req,272,65535 
res,272,146,2,6,-102,138,0,30:c6:f7:15:43:36 
req,273,65535 
res,273,146,2,6,-89,135,0,30:c6:f7:15:43:36 
req,274,65535 
res,274,146,2,6,-92,139,0,30:c6:f7:15:43:36 
req,275,65535 
res,275,146,2,6,-85,146,0,30:c6:f7:15:43:36 
req,276,65535 
res,276,146,2,6,-98,136,0,30:c6:f7:15:43:36 
req,277,65535 
res,277,146,2,6,-95,135,0,30:c6:f7:15:43:36 
req,278,65535 
res,278,146,2,6,-96,144,0,30:c6:f7:15:43:36 
req,279,65535 
res,279,146,2,6,-85,142,0,30:c6:f7:15:43:36 
req,280,65535 
res,280,146,2,6,-89,146,0,30:c6:f7:15:43:36 
req,281,65535 
res,281,146,2,6,-90,143,0,30:c6:f7:15:43:36 
req,282,65535 
res,282,146,2,6,-91,137,0,30:c6:f7:15:43:36 
req,283,65535 
res,283,146,2,6,-96,135,0,30:c6:f7:15:43:36 
req,284,65535 
res,284,146,2,6,-86,136,0,30:c6:f7:15:43:36 
req,285,65535 
res,285,146,2,6,-85,136,0,30:c6:f7:15:43:36 
req,286,65535 
res,286,146,2,7,-100,144,0,30:c6:f7:15:43:36 
req,287,65535 
res,287,146,2,7,-100,138,0,30:c6:f7:15:43:36 
req,288,65535 
res,288,146,2,7,-99,138,0,30:c6:f7:15:43:36 
req,289,65535 
res,289,146,2,6,-90,137,0,30:c6:f7:15:43:36 
req,290,65535 
res,290,146,2,6,-90,139,0,30:c6:f7:15:43:36 
req,291,65535 
res,291,146,2,6,-84,141,0,30:c6:f7:15:43:36 
req,292,65535 
res,292,146,2,6,-86,140,0,30:c6:f7:15:43:36 
req,293,65535 
res,293,146,2,6,-95,134,0,30:c6:f7:15:43:36 
req,294,65535 
res,294,146,2,6,-90,143,0,30:c6:f7:15:43:36 
req,295,65535 
res,295,146,2,6,-90,138,0,30:c6:f7:15:43:36 
req,296,65535 
req,296,65535 
res,296,146,2,6,-90,43,1,30:c6:f7:15:43:36 
req,297,65535 
res,297,146,2,6,-96,139,0,30:c6:f7:15:43:36 
req,298,65535 
res,298,146,2,6,-99,142,0,30:c6:f7:15:43:36 
req,299,65535 
res,299,146,2,6,-97,138,0,30:c6:f7:15:43:36 
req,300,65535 
res,300,146,2,6,-96,150,0,30:c6:f7:15:43:36 
req,301,65535 
res,301,146,2,6,-90,135,0,30:c6:f7:15:43:36 
req,302,65535 
res,302,146,2,6,-90,144,0,30:c6:f7:15:43:36 
req,303,65535 
res,303,146,2,6,-89,142,0,30:c6:f7:15:43:36 
req,304,65535 
res,304,146,2,6,-85,138,0,30:c6:f7:15:43:36 
req,305,65535 
res,305,146,2,6,-97,137,0,30:c6:f7:15:43:36 
req,306,65535 
res,306,146,2,6,-85,143,0,30:c6:f7:15:43:36 
req,307,65535 
res,307,146,2,7,-99,136,0,30:c6:f7:15:43:36 
req,308,65535 
res,308,146,2,7,-99,136,0,30:c6:f7:15:43:36 
req,309,65535 
res,309,146,2,6,-84,145,0,30:c6:f7:15:43:36 
req,310,65535 
res,310,146,2,6,-89,139,0,30:c6:f7:15:43:36 
req,311,65535 
res,311,146,2,6,-90,136,0,30:c6:f7:15:43:36 
req,312,65535 
res,312,146,2,7,-101,131,0,30:c6:f7:15:43:36 
req,313,65535 
res,313,146,2,7,-99,137,0,30:c6:f7:15:43:36 
req,314,65535 
res,314,146,2,7,-100,138,0,30:c6:f7:15:43:36 
req,315,65535 
res,315,146,2,6,-91,139,0,30:c6:f7:15:43:36 
req,316,65535 
res,316,146,2,6,-95,137,0,30:c6:f7:15:43:36 
req,317,65535 
res,317,146,2,6,-89,137,0,30:c6:f7:15:43:36 
req,318,65535 
res,318,146,2,6,-85,141,0,30:c6:f7:15:43:36 
req,319,65535 
res,319,146,2,6,-90,145,0,30:c6:f7:15:43:36 
req,320,65535 
res,320,146,2,7,-102,132,0,30:c6:f7:15:43:36 
req,321,65535 
res,321,146,2,6,-90,138,0,30:c6:f7:15:43:36 
req,322,65535 
res,322,146,2,7,-94,135,0,30:c6:f7:15:43:36 
req,323,65535 
res,323,146,2,7,-96,143,0,30:c6:f7:15:43:36 
req,324,65535 
res,324,146,2,6,-86,141,0,30:c6:f7:15:43:36 
req,325,65535 
res,325,146,2,6,-85,137,0,30:c6:f7:15:43:36 
req,326,65535 
res,326,146,2,6,-98,139,0,30:c6:f7:15:43:36 
req,327,65535 
res,327,146,2,6,-91,140,0,30:c6:f7:15:43:36 
req,328,65535 
res,328,146,2,6,-91,132,0,30:c6:f7:15:43:36 
req,329,65535 
res,329,146,2,6,-96,132,0,30:c6:f7:15:43:36 
req,330,65535 
res,330,146,2,6,-86,148,0,30:c6:f7:15:43:36 
req,331,65535 
res,331,146,2,6,-89,143,0,30:c6:f7:15:43:36 
req,332,65535 
res,332,146,2,7,-99,131,0,30:c6:f7:15:43:36 
req,333,65535 
res,333,146,2,6,-92,144,0,30:c6:f7:15:43:36 
req,334,65535 
res,334,146,2,7,-100,136,0,30:c6:f7:15:43:36 
req,335,65535 
res,335,146,2,6,-92,141,0,30:c6:f7:15:43:36 
req,336,65535 
res,336,146,2,7,-99,135,0,30:c6:f7:15:43:36 
req,337,65535 
res,337,146,2,6,-91,144,0,30:c6:f7:15:43:36 
req,338,65535 
res,338,146,2,7,-101,131,0,30:c6:f7:15:43:36 
req,339,65535 
res,339,146,2,6,-88,141,0,30:c6:f7:15:43:36 
req,340,65535 
res,340,146,2,6,-90,139,0,30:c6:f7:15:43:36 
req,341,65535 
res,341,146,2,6,-98,136,0,30:c6:f7:15:43:36 
req,342,65535 
res,342,146,2,6,-90,138,0,30:c6:f7:15:43:36 
req,343,65535 
res,343,146,2,6,-90,137,0,30:c6:f7:15:43:36 
req,344,65535 
res,344,146,2,6,-86,137,0,30:c6:f7:15:43:36 
req,345,65535 
res,345,146,2,7,-96,140,0,30:c6:f7:15:43:36 
req,346,65535 
res,346,146,2,6,-89,132,0,30:c6:f7:15:43:36 
req,347,65535 
res,347,146,2,7,-98,138,0,30:c6:f7:15:43:36 
req,348,65535 
res,348,146,2,6,-90,139,0,30:c6:f7:15:43:36 
req,349,65535 
res,349,146,2,7,-100,138,0,30:c6:f7:15:43:36 
req,350,65535 
res,350,146,2,6,-95,139,0,30:c6:f7:15:43:36 
req,351,65535 
res,351,146,2,6,-86,140,0,30:c6:f7:15:43:36 
req,352,65535 
res,352,146,2,6,-85,134,0,30:c6:f7:15:43:36 
req,353,65535 
res,353,146,2,7,-96,132,0,30:c6:f7:15:43:36 
req,354,65535 
res,354,146,2,6,-89,138,0,30:c6:f7:15:43:36 
req,355,65535 
res,355,146,2,7,-99,133,0,30:c6:f7:15:43:36 
req,356,65535 
res,356,146,2,7,-96,140,0,30:c6:f7:15:43:36 
req,357,65535 
res,357,146,2,6,-90,135,0,30:c6:f7:15:43:36 
req,358,65535 
res,358,146,2,7,-101,133,0,30:c6:f7:15:43:36 
req,359,65535 
res,359,146,2,6,-90,146,0,30:c6:f7:15:43:36 
req,360,65535 
res,360,146,2,7,-107,137,0,30:c6:f7:15:43:36 
req,361,65535 
req,361,65535 
res,361,146,2,6,-85,40,1,30:c6:f7:15:43:36 
req,362,65535 
res,362,146,2,6,-86,146,0,30:c6:f7:15:43:36 
req,363,65535 
res,363,146,2,6,-85,140,0,30:c6:f7:15:43:36 
req,364,65535 
req,364,65535 
res,364,146,2,6,-90,38,1,30:c6:f7:15:43:36 
req,365,65535 
res,365,146,2,6,-96,139,0,30:c6:f7:15:43:36 
req,366,65535 
res,366,146,2,6,-85,136,0,30:c6:f7:15:43:36 
req,367,65535 
res,367,146,2,6,-97,137,0,30:c6:f7:15:43:36 
req,368,65535 
res,368,146,2,6,-86,139,0,30:c6:f7:15:43:36 
req,369,65535 
res,369,146,2,6,-85,138,0,30:c6:f7:15:43:36 
req,370,65535 
res,370,146,2,6,-85,141,0,30:c6:f7:15:43:36 
req,371,65535 
res,371,146,2,6,-92,141,0,30:c6:f7:15:43:36 
req,372,65535 
res,372,146,2,6,-96,136,0,30:c6:f7:15:43:36 
req,373,65535 
res,373,146,2,6,-97,136,0,30:c6:f7:15:43:36 
req,374,65535 
res,374,146,2,6,-96,136,0,30:c6:f7:15:43:36 
req,375,65535 
res,375,146,2,6,-84,139,0,30:c6:f7:15:43:36 
req,376,65535 
res,376,146,2,6,-86,140,0,30:c6:f7:15:43:36 
req,377,65535 
res,377,146,2,6,-91,152,0,30:c6:f7:15:43:36 
req,378,65535 
res,378,146,2,6,-98,138,0,30:c6:f7:15:43:36 
req,379,65535 
res,379,146,2,6,-92,142,0,30:c6:f7:15:43:36 
req,380,65535 
res,380,146,2,6,-96,132,0,30:c6:f7:15:43:36 
req,381,65535 
res,381,146,2,6,-97,146,0,30:c6:f7:15:43:36 
req,382,65535 
res,382,146,2,6,-98,140,0,30:c6:f7:15:43:36 
req,383,65535 
res,383,146,2,6,-86,137,0,30:c6:f7:15:43:36 
req,384,65535 
res,384,146,2,6,-91,135,0,30:c6:f7:15:43:36 
req,385,65535 
res,385,146,2,6,-96,144,0,30:c6:f7:15:43:36 
req,386,65535 
res,386,146,2,6,-89,140,0,30:c6:f7:15:43:36 
req,387,65535 
res,387,146,2,6,-86,144,0,30:c6:f7:15:43:36 
req,388,65535 
res,388,146,2,6,-95,145,0,30:c6:f7:15:43:36 
req,389,65535 
res,389,146,2,6,-89,138,0,30:c6:f7:15:43:36 
req,390,65535 
res,390,146,2,6,-85,146,0,30:c6:f7:15:43:36 
req,391,65535 
res,391,146,2,6,-88,143,0,30:c6:f7:15:43:36 
req,392,65535 
res,392,146,2,6,-85,138,0,30:c6:f7:15:43:36 
req,393,65535 
req,393,65535 
res,393,146,2,6,-92,42,1,30:c6:f7:15:43:36 
req,394,65535 
res,394,146,2,6,-97,139,0,30:c6:f7:15:43:36 
req,395,65535 
res,395,146,2,6,-92,148,0,30:c6:f7:15:43:36 
req,396,65535 
res,396,146,2,6,-96,147,0,30:c6:f7:15:43:36 
req,397,65535 
res,397,146,2,6,-90,136,0,30:c6:f7:15:43:36 
req,398,65535 
res,398,146,2,6,-84,141,0,30:c6:f7:15:43:36 
req,399,65535 
res,399,146,2,6,-85,144,0,30:c6:f7:15:43:36 
req,400,65535 
res,400,146,2,6,-91,138,0,30:c6:f7:15:43:36 
req,401,65535 
res,401,146,2,6,-90,136,0,30:c6:f7:15:43:36 
req,402,65535 
res,402,146,2,6,-95,140,0,30:c6:f7:15:43:36 
req,403,65535 
res,403,146,2,6,-96,142,0,30:c6:f7:15:43:36 
req,404,65535 
res,404,146,2,6,-84,140,0,30:c6:f7:15:43:36 
req,405,65535 
res,405,146,2,6,-86,145,0,30:c6:f7:15:43:36 
req,406,65535 
res,406,146,2,6,-89,137,0,30:c6:f7:15:43:36 
req,407,65535 
res,407,146,2,6,-95,139,0,30:c6:f7:15:43:36 
req,408,65535 
res,408,146,2,6,-86,137,0,30:c6:f7:15:43:36 
req,409,65535 
res,409,146,2,6,-85,139,0,30:c6:f7:15:43:36 
req,410,65535 
res,410,146,2,6,-86,139,0,30:c6:f7:15:43:36 
req,411,65535 
res,411,146,2,6,-84,137,0,30:c6:f7:15:43:36 
req,412,65535 
res,412,146,2,6,-97,137,0,30:c6:f7:15:43:36 
req,413,65535 
res,413,146,2,6,-98,161,0,30:c6:f7:15:43:36 
req,414,65535 
res,414,146,2,6,-99,139,0,30:c6:f7:15:43:36 
req,415,65535 
res,415,146,2,6,-99,134,0,30:c6:f7:15:43:36 
req,416,65535 
res,416,146,2,6,-97,145,0,30:c6:f7:15:43:36 
req,417,65535 
res,417,146,2,6,-95,138,0,30:c6:f7:15:43:36 
req,418,65535 
res,418,146,2,6,-97,138,0,30:c6:f7:15:43:36 
req,419,65535 
res,419,146,2,6,-85,145,0,30:c6:f7:15:43:36 
req,420,65535 
res,420,146,2,6,-97,146,0,30:c6:f7:15:43:36 
req,421,65535 
res,421,146,2,6,-86,140,0,30:c6:f7:15:43:36 
req,422,65535 
res,422,146,2,6,-97,139,0,30:c6:f7:15:43:36 
req,423,65535 
res,423,146,2,6,-86,140,0,30:c6:f7:15:43:36 
req,424,65535 
res,424,146,2,6,-85,138,0,30:c6:f7:15:43:36 
req,425,65535 
res,425,146,2,6,-97,149,0,30:c6:f7:15:43:36 
req,426,65535 
res,426,146,2,6,-95,142,0,30:c6:f7:15:43:36 
req,427,65535 
res,427,146,2,6,-86,152,0,30:c6:f7:15:43:36 
req,428,65535 
res,428,146,2,6,-98,138,0,30:c6:f7:15:43:36 
req,429,65535 
res,429,146,2,6,-86,135,0,30:c6:f7:15:43:36 
req,430,65535 
res,430,146,2,6,-85,139,0,30:c6:f7:15:43:36 
req,431,65535 
res,431,146,2,6,-91,136,0,30:c6:f7:15:43:36 
req,432,65535 
res,432,146,2,6,-96,137,0,30:c6:f7:15:43:36 
req,433,65535 
req,433,65535 
res,433,146,2,6,-85,46,1,30:c6:f7:15:43:36 
req,434,65535 
res,434,146,2,6,-92,139,0,30:c6:f7:15:43:36 
req,435,65535 
res,435,146,2,6,-91,138,0,30:c6:f7:15:43:36 
req,436,65535 
res,436,146,2,6,-84,157,0,30:c6:f7:15:43:36 
req,437,65535 
res,437,146,2,6,-85,141,0,30:c6:f7:15:43:36 
req,438,65535 
res,438,146,2,6,-90,145,0,30:c6:f7:15:43:36 
req,439,65535 
res,439,146,2,6,-84,139,0,30:c6:f7:15:43:36 
req,440,65535 
res,440,146,2,6,-90,138,0,30:c6:f7:15:43:36 
req,441,65535 
res,441,146,2,6,-86,140,0,30:c6:f7:15:43:36 
req,442,65535 
res,442,146,2,6,-87,146,0,30:c6:f7:15:43:36 
req,443,65535 
res,443,146,2,6,-98,141,0,30:c6:f7:15:43:36 
req,444,65535 
res,444,146,2,6,-96,144,0,30:c6:f7:15:43:36 
req,445,65535 
res,445,146,2,6,-85,137,0,30:c6:f7:15:43:36 
req,446,65535 
res,446,146,2,6,-90,141,0,30:c6:f7:15:43:36 
req,447,65535 
res,447,146,2,7,-100,145,0,30:c6:f7:15:43:36 
req,448,65535 
res,448,146,2,6,-96,144,0,30:c6:f7:15:43:36 
req,449,65535 
res,449,146,2,6,-91,138,0,30:c6:f7:15:43:36 
req,450,65535 
res,450,146,2,7,-98,133,0,30:c6:f7:15:43:36 
req,451,65535 
res,451,146,2,7,-99,138,0,30:c6:f7:15:43:36 
req,452,65535 
res,452,146,2,6,-84,143,0,30:c6:f7:15:43:36 
req,453,65535 
res,453,146,2,6,-97,147,0,30:c6:f7:15:43:36 
req,454,65535 
res,454,146,2,6,-90,137,0,30:c6:f7:15:43:36 
req,455,65535 
res,455,146,2,7,-99,136,0,30:c6:f7:15:43:36 
req,456,65535 
res,456,146,2,7,-99,139,0,30:c6:f7:15:43:36 
req,457,65535 
res,457,146,2,7,-100,141,0,30:c6:f7:15:43:36 
req,458,65535 
res,458,146,2,7,-97,139,0,30:c6:f7:15:43:36 
req,459,65535 
res,459,146,2,7,-99,134,0,30:c6:f7:15:43:36 
req,460,65535 
res,460,146,2,7,-101,136,0,30:c6:f7:15:43:36 
req,461,65535 
res,461,146,2,6,-97,146,0,30:c6:f7:15:43:36 
req,462,65535 
res,462,146,2,7,-99,139,0,30:c6:f7:15:43:36 
req,463,65535 
res,463,146,2,7,-101,139,0,30:c6:f7:15:43:36 
req,464,65535 
res,464,146,2,6,-85,141,0,30:c6:f7:15:43:36 
req,465,65535 
res,465,146,2,6,-85,143,0,30:c6:f7:15:43:36 
req,466,65535 
res,466,146,2,7,-99,135,0,30:c6:f7:15:43:36 
req,467,65535 
res,467,146,2,7,-98,138,0,30:c6:f7:15:43:36 
req,468,65535 
res,468,146,2,6,-99,140,0,30:c6:f7:15:43:36 
req,469,65535 
res,469,146,2,6,-96,141,0,30:c6:f7:15:43:36 
req,470,65535 
res,470,146,2,6,-86,138,0,30:c6:f7:15:43:36 
req,471,65535 
res,471,146,2,7,-100,135,0,30:c6:f7:15:43:36 
req,472,65535 
res,472,146,2,6,-97,144,0,30:c6:f7:15:43:36 
req,473,65535 
res,473,146,2,6,-96,139,0,30:c6:f7:15:43:36 
req,474,65535 
res,474,146,2,6,-85,136,0,30:c6:f7:15:43:36 
req,475,65535 
res,475,146,2,6,-98,153,0,30:c6:f7:15:43:36 
req,476,65535 
res,476,146,2,6,-90,135,0,30:c6:f7:15:43:36 
req,477,65535 
res,477,146,2,7,-96,137,0,30:c6:f7:15:43:36 
req,478,65535 
res,478,146,2,6,-89,149,0,30:c6:f7:15:43:36 
req,479,65535 
res,479,146,2,6,-95,145,0,30:c6:f7:15:43:36 
req,480,65535 
res,480,146,2,6,-97,144,0,30:c6:f7:15:43:36 
req,481,65535 
res,481,146,2,6,-100,137,0,30:c6:f7:15:43:36 
req,482,65535 
res,482,146,2,6,-96,137,0,30:c6:f7:15:43:36 
req,483,65535 
res,483,146,2,6,-97,141,0,30:c6:f7:15:43:36 
req,484,65535 
res,484,146,2,7,-101,133,0,30:c6:f7:15:43:36 
req,485,65535 
res,485,146,2,6,-86,137,0,30:c6:f7:15:43:36 
req,486,65535 
res,486,146,2,7,-101,132,0,30:c6:f7:15:43:36 
req,487,65535 
res,487,146,2,6,-91,135,0,30:c6:f7:15:43:36 
req,488,65535 
res,488,146,2,6,-85,141,0,30:c6:f7:15:43:36 
req,489,65535 
res,489,146,2,7,-98,143,0,30:c6:f7:15:43:36 
req,490,65535 
res,490,146,2,6,-91,138,0,30:c6:f7:15:43:36 
req,491,65535 
res,491,146,2,6,-90,142,0,30:c6:f7:15:43:36 
req,492,65535 
res,492,146,2,6,-95,139,0,30:c6:f7:15:43:36 
req,493,65535 
res,493,146,2,6,-90,142,0,30:c6:f7:15:43:36 
req,494,65535 
res,494,146,2,6,-90,147,0,30:c6:f7:15:43:36 
req,495,65535 
res,495,146,2,6,-90,150,0,30:c6:f7:15:43:36 
req,496,65535 
res,496,146,2,6,-91,144,0,30:c6:f7:15:43:36 
req,497,65535 
res,497,146,2,6,-92,139,0,30:c6:f7:15:43:36 
req,498,65535 
res,498,146,2,7,-98,136,0,30:c6:f7:15:43:36 
req,499,65535 
res,499,146,2,6,-96,145,0,30:c6:f7:15:43:36 
req,500,65535 
res,500,146,2,6,-91,142,0,30:c6:f7:15:43:36 
req,501,65535 
res,501,146,2,6,-85,141,0,30:c6:f7:15:43:36 
req,502,65535 
res,502,146,2,6,-84,142,0,30:c6:f7:15:43:36 
req,503,65535 
res,503,146,2,6,-97,149,0,30:c6:f7:15:43:36 
req,504,65535 
res,504,146,2,6,-97,142,0,30:c6:f7:15:43:36 
req,505,65535 
res,505,146,2,6,-95,138,0,30:c6:f7:15:43:36 
req,506,65535 
res,506,146,2,6,-92,139,0,30:c6:f7:15:43:36 
req,507,65535 
res,507,146,2,6,-85,138,0,30:c6:f7:15:43:36 
req,508,65535 
req,508,65535 
res,508,146,2,6,-97,45,1,30:c6:f7:15:43:36 
req,509,65535 
res,509,146,2,6,-97,137,0,30:c6:f7:15:43:36 
req,510,65535 
res,510,146,2,6,-97,142,0,30:c6:f7:15:43:36 
req,511,65535 
res,511,146,2,6,-84,135,0,30:c6:f7:15:43:36 
req,512,65535 
res,512,146,2,6,-91,137,0,30:c6:f7:15:43:36 
req,513,65535 
res,513,146,2,6,-90,139,0,30:c6:f7:15:43:36 
req,514,65535 
res,514,146,2,6,-92,143,0,30:c6:f7:15:43:36 
req,515,65535 
res,515,146,2,6,-90,149,0,30:c6:f7:15:43:36 
req,516,65535 
res,516,146,2,6,-83,136,0,30:c6:f7:15:43:36 
req,517,65535 
res,517,146,2,6,-98,138,0,30:c6:f7:15:43:36 
req,518,65535 
res,518,146,2,6,-90,138,0,30:c6:f7:15:43:36 
req,519,65535 
res,519,146,2,6,-89,144,0,30:c6:f7:15:43:36 
req,520,65535 
res,520,146,2,6,-91,145,0,30:c6:f7:15:43:36 
req,521,65535 
res,521,146,2,7,-98,134,0,30:c6:f7:15:43:36 
req,522,65535 
res,522,146,2,6,-85,135,0,30:c6:f7:15:43:36 
req,523,65535 
res,523,146,2,6,-90,145,0,30:c6:f7:15:43:36 
req,524,65535 
res,524,146,2,6,-86,141,0,30:c6:f7:15:43:36 
req,525,65535 
res,525,146,2,7,-104,135,0,30:c6:f7:15:43:36 
req,526,65535 
res,526,146,2,6,-90,135,0,30:c6:f7:15:43:36 
req,527,65535 
res,527,146,2,6,-89,136,0,30:c6:f7:15:43:36 
req,528,65535 
res,528,146,2,6,-86,144,0,30:c6:f7:15:43:36 
req,529,65535 
res,529,146,2,6,-85,138,0,30:c6:f7:15:43:36 
req,530,65535 
res,530,146,2,6,-85,146,0,30:c6:f7:15:43:36 
req,531,65535 
res,531,146,2,6,-86,140,0,30:c6:f7:15:43:36 
req,532,65535 
res,532,146,2,6,-97,133,0,30:c6:f7:15:43:36 
req,533,65535 
res,533,146,2,6,-86,136,0,30:c6:f7:15:43:36 
req,534,65535 
res,534,146,2,6,-92,142,0,30:c6:f7:15:43:36 
req,535,65535 
res,535,146,2,7,-103,142,0,30:c6:f7:15:43:36 
req,536,65535 
res,536,146,2,6,-90,140,0,30:c6:f7:15:43:36 
req,537,65535 
res,537,146,2,6,-85,149,0,30:c6:f7:15:43:36 
req,538,65535 
res,538,146,2,6,-90,146,0,30:c6:f7:15:43:36 
req,539,65535 
res,539,146,2,6,-84,138,0,30:c6:f7:15:43:36 
req,540,65535 
res,540,146,2,6,-85,135,0,30:c6:f7:15:43:36 
req,541,65535 
res,541,146,2,6,-98,138,0,30:c6:f7:15:43:36 
req,542,65535 
res,542,146,2,6,-98,139,0,30:c6:f7:15:43:36 
req,543,65535 
res,543,146,2,6,-90,139,0,30:c6:f7:15:43:36 
req,544,65535 
res,544,146,2,6,-92,135,0,30:c6:f7:15:43:36 
req,545,65535 
res,545,146,2,6,-90,140,0,30:c6:f7:15:43:36 
req,546,65535 
res,546,146,2,6,-91,135,0,30:c6:f7:15:43:36 
req,547,65535 
res,547,146,2,7,-97,138,0,30:c6:f7:15:43:36 
req,548,65535 
res,548,146,2,6,-97,138,0,30:c6:f7:15:43:36 
req,549,65535 
res,549,146,2,6,-85,132,0,30:c6:f7:15:43:36 
req,550,65535 
res,550,146,2,6,-90,138,0,30:c6:f7:15:43:36 
req,551,65535 
res,551,146,2,6,-87,138,0,30:c6:f7:15:43:36 
req,552,65535 
res,552,146,2,6,-100,146,0,30:c6:f7:15:43:36 
req,553,65535 
res,553,146,2,6,-87,144,0,30:c6:f7:15:43:36 
req,554,65535 
res,554,146,2,7,-97,146,0,30:c6:f7:15:43:36 
req,555,65535 
res,555,146,2,7,-100,137,0,30:c6:f7:15:43:36 
req,556,65535 
res,556,146,2,6,-91,144,0,30:c6:f7:15:43:36 
req,557,65535 
res,557,146,2,7,-98,133,0,30:c6:f7:15:43:36 
req,558,65535 
res,558,146,2,6,-91,140,0,30:c6:f7:15:43:36 
req,559,65535 
res,559,146,2,6,-84,139,0,30:c6:f7:15:43:36 
req,560,65535 
res,560,146,2,6,-85,138,0,30:c6:f7:15:43:36 
req,561,65535 
res,561,146,2,6,-96,147,0,30:c6:f7:15:43:36 
req,562,65535 
res,562,146,2,6,-86,142,0,30:c6:f7:15:43:36 
req,563,65535 
res,563,146,2,6,-90,137,0,30:c6:f7:15:43:36 
req,564,65535 
res,564,146,2,6,-89,144,0,30:c6:f7:15:43:36 
req,565,65535 
res,565,146,2,6,-86,136,0,30:c6:f7:15:43:36 
req,566,65535 
res,566,146,2,6,-97,134,0,30:c6:f7:15:43:36 
req,567,65535 
res,567,146,2,6,-86,140,0,30:c6:f7:15:43:36 
req,568,65535 
res,568,146,2,6,-90,135,0,30:c6:f7:15:43:36 
req,569,65535 
res,569,146,2,6,-92,142,0,30:c6:f7:15:43:36 
req,570,65535 
req,570,65535 
res,570,146,2,6,-90,36,1,30:c6:f7:15:43:36 
req,571,65535 
res,571,146,2,6,-99,140,0,30:c6:f7:15:43:36 
req,572,65535 
res,572,146,2,6,-85,141,0,30:c6:f7:15:43:36 
req,573,65535 
res,573,146,2,7,-97,140,0,30:c6:f7:15:43:36 
req,574,65535 
res,574,146,2,6,-99,141,0,30:c6:f7:15:43:36 
req,575,65535 
res,575,146,2,7,-100,136,0,30:c6:f7:15:43:36 
req,576,65535 
res,576,146,2,6,-97,132,0,30:c6:f7:15:43:36 
req,577,65535 
res,577,146,2,7,-100,136,0,30:c6:f7:15:43:36 
req,578,65535 
res,578,146,2,7,-97,138,0,30:c6:f7:15:43:36 
req,579,65535 
res,579,146,2,6,-85,134,0,30:c6:f7:15:43:36 
req,580,65535 
res,580,146,2,6,-98,134,0,30:c6:f7:15:43:36 
req,581,65535 
res,581,146,2,7,-98,136,0,30:c6:f7:15:43:36 
req,582,65535 
req,582,65535 
res,582,146,2,6,-92,34,1,30:c6:f7:15:43:36 
req,583,65535 
res,583,146,2,6,-101,136,0,30:c6:f7:15:43:36 
req,584,65535 
res,584,146,2,7,-97,136,0,30:c6:f7:15:43:36 
req,585,65535 
res,585,146,2,6,-96,142,0,30:c6:f7:15:43:36 
req,586,65535 
res,586,146,2,7,-98,138,0,30:c6:f7:15:43:36 
req,587,65535 
req,587,65535 
res,587,146,2,7,-99,32,1,30:c6:f7:15:43:36 
req,588,65535 
res,588,146,2,7,-99,140,0,30:c6:f7:15:43:36 
req,589,65535 
res,589,146,2,6,-86,137,0,30:c6:f7:15:43:36 
req,590,65535 
req,590,65535 
req,590,65535 
req,590,65535 
req,590,65535 
req,590,65535 
req,590,65535 
res,590,146,2,7,-102,34,6,30:c6:f7:15:43:36 
req,591,65535 
req,591,65535 
req,591,65535 
res,591,146,2,6,-87,36,2,30:c6:f7:15:43:36 
req,592,65535 
res,592,146,2,6,-90,144,0,30:c6:f7:15:43:36 
req,593,65535 
res,593,146,2,6,-86,150,0,30:c6:f7:15:43:36 
req,594,65535 
res,594,146,2,6,-83,139,0,30:c6:f7:15:43:36 
req,595,65535 
res,595,146,2,7,-101,140,0,30:c6:f7:15:43:36 
req,596,65535 
res,596,146,2,7,-100,144,0,30:c6:f7:15:43:36 
req,597,65535 
res,597,146,2,6,-87,144,0,30:c6:f7:15:43:36 
req,598,65535 
res,598,146,2,6,-81,137,0,30:c6:f7:15:43:36 
req,599,65535 
res,599,146,2,6,-83,141,0,30:c6:f7:15:43:36 
req,600,65535 
res,600,146,2,7,-97,133,0,30:c6:f7:15:43:36 
req,601,65535 
res,601,146,2,6,-87,139,0,30:c6:f7:15:43:36 
req,602,65535 
req,602,65535 
res,602,146,2,7,-99,35,1,30:c6:f7:15:43:36 
req,603,65535 
res,603,146,2,7,-99,143,0,30:c6:f7:15:43:36 
req,604,65535 
res,604,146,2,7,-98,127,0,30:c6:f7:15:43:36 
req,605,65535 
res,605,146,2,6,-87,135,0,30:c6:f7:15:43:36 
req,606,65535 
res,606,146,2,6,-87,134,0,30:c6:f7:15:43:36 
req,607,65535 
res,607,146,2,6,-87,141,0,30:c6:f7:15:43:36 
req,608,65535 
