res,1,146,2,7,-69,26,0,30:c6:f7:15:3a:de 
req,2,65535 
res,2,146,2,7,-81,125,0,30:c6:f7:15:3a:de 
req,3,65535 
res,3,146,2,7,-76,125,0,30:c6:f7:15:3a:de 
req,4,65535 
res,4,146,2,7,-81,126,0,30:c6:f7:15:3a:de 
req,5,65535 
res,5,146,2,7,-81,125,0,30:c6:f7:15:3a:de 
req,6,65535 
res,6,146,2,7,-80,126,0,30:c6:f7:15:3a:de 
req,7,65535 
res,7,146,2,7,-74,125,0,30:c6:f7:15:3a:de 
req,8,65535 
res,8,146,2,7,-80,126,0,30:c6:f7:15:3a:de 
req,9,65535 
res,9,146,2,7,-76,129,0,30:c6:f7:15:3a:de 
req,10,65535 
res,10,146,2,7,-73,130,0,30:c6:f7:15:3a:de 
req,11,65535 
res,11,146,2,7,-79,125,0,30:c6:f7:15:3a:de 
req,12,65535 
res,12,146,2,7,-79,126,0,30:c6:f7:15:3a:de 
req,13,65535 
res,13,146,2,7,-72,130,0,30:c6:f7:15:3a:de 
req,14,65535 
res,14,146,2,7,-73,129,0,30:c6:f7:15:3a:de 
req,15,65535 
res,15,146,2,7,-77,129,0,30:c6:f7:15:3a:de 
req,16,65535 
res,16,146,2,7,-73,129,0,30:c6:f7:15:3a:de 
req,17,65535 
res,17,146,2,7,-80,129,0,30:c6:f7:15:3a:de 
req,18,65535 
res,18,146,2,7,-79,136,0,30:c6:f7:15:3a:de 
req,19,65535 
res,19,146,2,7,-82,129,0,30:c6:f7:15:3a:de 
req,20,65535 
res,20,146,2,7,-84,139,0,30:c6:f7:15:3a:de 
req,21,65535 
res,21,146,2,7,-82,130,0,30:c6:f7:15:3a:de 
req,22,65535 
res,22,146,2,7,-83,129,0,30:c6:f7:15:3a:de 
req,23,65535 
res,23,146,2,7,-78,135,0,30:c6:f7:15:3a:de 
req,24,65535 
res,24,146,2,7,-77,131,0,30:c6:f7:15:3a:de 
req,25,65535 
res,25,146,2,7,-81,133,0,30:c6:f7:15:3a:de 
req,26,65535 
res,26,146,2,7,-76,129,0,30:c6:f7:15:3a:de 
req,27,65535 
res,27,146,2,7,-83,128,0,30:c6:f7:15:3a:de 
req,28,65535 
res,28,146,2,7,-83,132,0,30:c6:f7:15:3a:de 
req,29,65535 
res,29,146,2,7,-80,128,0,30:c6:f7:15:3a:de 
req,30,65535 
res,30,146,2,7,-76,128,0,30:c6:f7:15:3a:de 
req,31,65535 
res,31,146,2,7,-75,131,0,30:c6:f7:15:3a:de 
req,32,65535 
res,32,146,2,7,-77,129,0,30:c6:f7:15:3a:de 
req,33,65535 
res,33,146,2,7,-75,130,0,30:c6:f7:15:3a:de 
req,34,65535 
res,34,146,2,7,-81,128,0,30:c6:f7:15:3a:de 
req,35,65535 
res,35,146,2,7,-81,132,0,30:c6:f7:15:3a:de 
req,36,65535 
res,36,146,2,7,-79,128,0,30:c6:f7:15:3a:de 
req,37,65535 
res,37,146,2,7,-83,137,0,30:c6:f7:15:3a:de 
req,38,65535 
res,38,146,2,7,-80,131,0,30:c6:f7:15:3a:de 
req,39,65535 
res,39,146,2,7,-77,128,0,30:c6:f7:15:3a:de 
req,40,65535 
res,40,146,2,7,-83,139,0,30:c6:f7:15:3a:de 
req,41,65535 
res,41,146,2,7,-79,128,0,30:c6:f7:15:3a:de 
req,42,65535 
res,42,146,2,7,-83,128,0,30:c6:f7:15:3a:de 
req,43,65535 
res,43,146,2,7,-80,131,0,30:c6:f7:15:3a:de 
req,44,65535 
res,44,146,2,7,-83,133,0,30:c6:f7:15:3a:de 
req,45,65535 
res,45,146,2,7,-81,135,0,30:c6:f7:15:3a:de 
req,46,65535 
res,46,146,2,7,-75,128,0,30:c6:f7:15:3a:de 
req,47,65535 
res,47,146,2,7,-76,129,0,30:c6:f7:15:3a:de 
req,48,65535 
res,48,146,2,7,-77,130,0,30:c6:f7:15:3a:de 
req,49,65535 
req,49,65535 
res,49,146,2,7,-76,30,1,30:c6:f7:15:3a:de 
req,50,65535 
res,50,146,2,7,-83,129,0,30:c6:f7:15:3a:de 
req,51,65535 
res,51,146,2,7,-81,133,0,30:c6:f7:15:3a:de 
req,52,65535 
res,52,146,2,7,-82,128,0,30:c6:f7:15:3a:de 
req,53,65535 
res,53,146,2,7,-79,132,0,30:c6:f7:15:3a:de 
req,54,65535 
req,54,65535 
req,54,65535 
res,54,146,2,7,-79,32,2,30:c6:f7:15:3a:de 
req,55,65535 
res,55,146,2,7,-82,129,0,30:c6:f7:15:3a:de 
req,56,65535 
res,56,146,2,7,-80,135,0,30:c6:f7:15:3a:de 
req,57,65535 
res,57,146,2,7,-82,134,0,30:c6:f7:15:3a:de 
req,58,65535 
res,58,146,2,7,-81,135,0,30:c6:f7:15:3a:de 
req,59,65535 
res,59,146,2,7,-81,132,0,30:c6:f7:15:3a:de 
req,60,65535 
res,60,146,2,7,-82,137,0,30:c6:f7:15:3a:de 
req,61,65535 
res,61,146,2,7,-82,129,0,30:c6:f7:15:3a:de 
req,62,65535 
res,62,146,2,7,-86,129,0,30:c6:f7:15:3a:de 
req,63,65535 
res,63,146,2,7,-83,137,0,30:c6:f7:15:3a:de 
req,64,65535 
res,64,146,2,7,-78,129,0,30:c6:f7:15:3a:de 
req,65,65535 
res,65,146,2,7,-83,138,0,30:c6:f7:15:3a:de 
req,66,65535 
res,66,146,2,7,-83,129,0,30:c6:f7:15:3a:de 
req,67,65535 
res,67,146,2,7,-80,128,0,30:c6:f7:15:3a:de 
req,68,65535 
res,68,146,2,7,-77,132,0,30:c6:f7:15:3a:de 
req,69,65535 
res,69,146,2,7,-78,133,0,30:c6:f7:15:3a:de 
req,70,65535 
res,70,146,2,7,-81,133,0,30:c6:f7:15:3a:de 
req,71,65535 
res,71,146,2,7,-84,133,0,30:c6:f7:15:3a:de 
req,72,65535 
res,72,146,2,7,-82,130,0,30:c6:f7:15:3a:de 
req,73,65535 
res,73,146,2,7,-82,128,0,30:c6:f7:15:3a:de 
req,74,65535 
res,74,146,2,7,-78,129,0,30:c6:f7:15:3a:de 
req,75,65535 
res,75,146,2,7,-80,128,0,30:c6:f7:15:3a:de 
req,76,65535 
res,76,146,2,7,-80,130,0,30:c6:f7:15:3a:de 
req,77,65535 
res,77,146,2,7,-76,133,0,30:c6:f7:15:3a:de 
req,78,65535 
res,78,146,2,7,-81,131,0,30:c6:f7:15:3a:de 
req,79,65535 
res,79,146,2,7,-87,143,0,30:c6:f7:15:3a:de 
req,80,65535 
res,80,146,2,7,-79,128,0,30:c6:f7:15:3a:de 
req,81,65535 
res,81,146,2,7,-81,134,0,30:c6:f7:15:3a:de 
req,82,65535 
res,82,146,2,7,-79,129,0,30:c6:f7:15:3a:de 
req,83,65535 
res,83,146,2,7,-83,133,0,30:c6:f7:15:3a:de 
req,84,65535 
res,84,146,2,7,-79,131,0,30:c6:f7:15:3a:de 
req,85,65535 
res,85,146,2,7,-78,136,0,30:c6:f7:15:3a:de 
req,86,65535 
res,86,146,2,7,-87,131,0,30:c6:f7:15:3a:de 
req,87,65535 
res,87,146,2,7,-83,129,0,30:c6:f7:15:3a:de 
req,88,65535 
res,88,146,2,7,-84,132,0,30:c6:f7:15:3a:de 
req,89,65535 
res,89,146,2,7,-77,132,0,30:c6:f7:15:3a:de 
req,90,65535 
res,90,146,2,7,-83,129,0,30:c6:f7:15:3a:de 
req,91,65535 
res,91,146,2,7,-80,134,0,30:c6:f7:15:3a:de 
req,92,65535 
res,92,146,2,7,-86,129,0,30:c6:f7:15:3a:de 
req,93,65535 
res,93,146,2,7,-87,131,0,30:c6:f7:15:3a:de 
req,94,65535 
res,94,146,2,7,-80,133,0,30:c6:f7:15:3a:de 
req,95,65535 
res,95,146,2,7,-80,128,0,30:c6:f7:15:3a:de 
req,96,65535 
res,96,146,2,7,-80,134,0,30:c6:f7:15:3a:de 
req,97,65535 
res,97,146,2,7,-81,131,0,30:c6:f7:15:3a:de 
req,98,65535 
res,98,146,2,7,-81,132,0,30:c6:f7:15:3a:de 
req,99,65535 
res,99,146,2,7,-78,138,0,30:c6:f7:15:3a:de 
req,100,65535 
res,100,146,2,7,-84,129,0,30:c6:f7:15:3a:de 
req,101,65535 
res,101,146,2,7,-78,129,0,30:c6:f7:15:3a:de 
req,102,65535 
res,102,146,2,7,-86,132,0,30:c6:f7:15:3a:de 
req,103,65535 
res,103,146,2,7,-89,134,0,30:c6:f7:15:3a:de 
req,104,65535 
res,104,146,2,7,-77,131,0,30:c6:f7:15:3a:de 
req,105,65535 
res,105,146,2,7,-85,135,0,30:c6:f7:15:3a:de 
req,106,65535 
res,106,146,2,7,-78,129,0,30:c6:f7:15:3a:de 
req,107,65535 
res,107,146,2,7,-83,134,0,30:c6:f7:15:3a:de 
req,108,65535 
res,108,146,2,7,-80,129,0,30:c6:f7:15:3a:de 
req,109,65535 
res,109,146,2,7,-78,129,0,30:c6:f7:15:3a:de 
req,110,65535 
res,110,146,2,7,-82,128,0,30:c6:f7:15:3a:de 
req,111,65535 
res,111,146,2,7,-79,130,0,30:c6:f7:15:3a:de 
req,112,65535 
res,112,146,2,7,-80,128,0,30:c6:f7:15:3a:de 
req,113,65535 
res,113,146,2,7,-84,133,0,30:c6:f7:15:3a:de 
req,114,65535 
res,114,146,2,7,-82,131,0,30:c6:f7:15:3a:de 
req,115,65535 
res,115,146,2,7,-87,128,0,30:c6:f7:15:3a:de 
req,116,65535 
res,116,146,2,7,-81,129,0,30:c6:f7:15:3a:de 
req,117,65535 
res,117,146,2,7,-81,136,0,30:c6:f7:15:3a:de 
req,118,65535 
res,118,146,2,7,-88,134,0,30:c6:f7:15:3a:de 
req,119,65535 
res,119,146,2,7,-79,141,0,30:c6:f7:15:3a:de 
req,120,65535 
res,120,146,2,7,-79,132,0,30:c6:f7:15:3a:de 
req,121,65535 
res,121,146,2,7,-81,129,0,30:c6:f7:15:3a:de 
req,122,65535 
res,122,146,2,7,-89,129,0,30:c6:f7:15:3a:de 
req,123,65535 
res,123,146,2,7,-81,132,0,30:c6:f7:15:3a:de 
req,124,65535 
res,124,146,2,7,-78,129,0,30:c6:f7:15:3a:de 
req,125,65535 
res,125,146,2,7,-87,131,0,30:c6:f7:15:3a:de 
req,126,65535 
res,126,146,2,7,-78,132,0,30:c6:f7:15:3a:de 
req,127,65535 
res,127,146,2,7,-79,130,0,30:c6:f7:15:3a:de 
req,128,65535 
res,128,146,2,7,-82,136,0,30:c6:f7:15:3a:de 
req,129,65535 
res,129,146,2,7,-79,130,0,30:c6:f7:15:3a:de 
req,130,65535 
res,130,146,2,7,-77,130,0,30:c6:f7:15:3a:de 
req,131,65535 
res,131,146,2,7,-80,137,0,30:c6:f7:15:3a:de 
req,132,65535 
res,132,146,2,7,-81,133,0,30:c6:f7:15:3a:de 
req,133,65535 
res,133,146,2,7,-80,135,0,30:c6:f7:15:3a:de 
req,134,65535 
res,134,146,2,7,-80,129,0,30:c6:f7:15:3a:de 
req,135,65535 
res,135,146,2,7,-78,130,0,30:c6:f7:15:3a:de 
req,136,65535 
res,136,146,2,7,-83,130,0,30:c6:f7:15:3a:de 
req,137,65535 
res,137,146,2,7,-81,133,0,30:c6:f7:15:3a:de 
req,138,65535 
res,138,146,2,7,-81,130,0,30:c6:f7:15:3a:de 
req,139,65535 
res,139,146,2,7,-80,137,0,30:c6:f7:15:3a:de 
req,140,65535 
res,140,146,2,7,-81,130,0,30:c6:f7:15:3a:de 
req,141,65535 
res,141,146,2,7,-82,136,0,30:c6:f7:15:3a:de 
req,142,65535 
res,142,146,2,7,-83,129,0,30:c6:f7:15:3a:de 
req,143,65535 
res,143,146,2,7,-81,137,0,30:c6:f7:15:3a:de 
req,144,65535 
res,144,146,2,7,-80,137,0,30:c6:f7:15:3a:de 
req,145,65535 
res,145,146,2,7,-86,130,0,30:c6:f7:15:3a:de 
req,146,65535 
res,146,146,2,7,-87,129,0,30:c6:f7:15:3a:de 
req,147,65535 
res,147,146,2,7,-80,135,0,30:c6:f7:15:3a:de 
req,148,65535 
res,148,146,2,7,-82,130,0,30:c6:f7:15:3a:de 
req,149,65535 
res,149,146,2,7,-84,129,0,30:c6:f7:15:3a:de 
req,150,65535 
res,150,146,2,7,-88,131,0,30:c6:f7:15:3a:de 
req,151,65535 
res,151,146,2,7,-78,130,0,30:c6:f7:15:3a:de 
req,152,65535 
res,152,146,2,7,-80,132,0,30:c6:f7:15:3a:de 
req,153,65535 
res,153,146,2,7,-85,139,0,30:c6:f7:15:3a:de 
req,154,65535 
res,154,146,2,7,-84,131,0,30:c6:f7:15:3a:de 
req,155,65535 
res,155,146,2,7,-81,130,0,30:c6:f7:15:3a:de 
req,156,65535 
res,156,146,2,7,-79,129,0,30:c6:f7:15:3a:de 
req,157,65535 
res,157,146,2,7,-84,129,0,30:c6:f7:15:3a:de 
req,158,65535 
res,158,146,2,7,-78,135,0,30:c6:f7:15:3a:de 
req,159,65535 
res,159,146,2,7,-86,131,0,30:c6:f7:15:3a:de 
req,160,65535 
res,160,146,2,7,-80,131,0,30:c6:f7:15:3a:de 
req,161,65535 
res,161,146,2,7,-87,140,0,30:c6:f7:15:3a:de 
req,162,65535 
res,162,146,2,7,-80,129,0,30:c6:f7:15:3a:de 
req,163,65535 
res,163,146,2,7,-85,129,0,30:c6:f7:15:3a:de 
req,164,65535 
res,164,146,2,7,-80,129,0,30:c6:f7:15:3a:de 
req,165,65535 
res,165,146,2,7,-79,130,0,30:c6:f7:15:3a:de 
req,166,65535 
res,166,146,2,7,-84,131,0,30:c6:f7:15:3a:de 
req,167,65535 
res,167,146,2,7,-86,129,0,30:c6:f7:15:3a:de 
req,168,65535 
res,168,146,2,7,-81,135,0,30:c6:f7:15:3a:de 
req,169,65535 
res,169,146,2,7,-82,130,0,30:c6:f7:15:3a:de 
req,170,65535 
res,170,146,2,7,-83,129,0,30:c6:f7:15:3a:de 
req,171,65535 
res,171,146,2,7,-82,129,0,30:c6:f7:15:3a:de 
req,172,65535 
res,172,146,2,7,-84,128,0,30:c6:f7:15:3a:de 
req,173,65535 
req,173,65535 
res,173,146,2,7,-81,32,1,30:c6:f7:15:3a:de 
req,174,65535 
res,174,146,2,7,-79,133,0,30:c6:f7:15:3a:de 
req,175,65535 
res,175,146,2,7,-80,137,0,30:c6:f7:15:3a:de 
req,176,65535 
res,176,146,2,7,-80,129,0,30:c6:f7:15:3a:de 
req,177,65535 
res,177,146,2,7,-80,129,0,30:c6:f7:15:3a:de 
req,178,65535 
res,178,146,2,7,-82,138,0,30:c6:f7:15:3a:de 
req,179,65535 
res,179,146,2,7,-82,130,0,30:c6:f7:15:3a:de 
req,180,65535 
res,180,146,2,7,-80,129,0,30:c6:f7:15:3a:de 
req,181,65535 
res,181,146,2,7,-86,137,0,30:c6:f7:15:3a:de 
req,182,65535 
res,182,146,2,7,-77,129,0,30:c6:f7:15:3a:de 
req,183,65535 
res,183,146,2,7,-83,129,0,30:c6:f7:15:3a:de 
req,184,65535 
res,184,146,2,7,-80,130,0,30:c6:f7:15:3a:de 
req,185,65535 
res,185,146,2,7,-84,129,0,30:c6:f7:15:3a:de 
req,186,65535 
res,186,146,2,7,-83,129,0,30:c6:f7:15:3a:de 
req,187,65535 
res,187,146,2,7,-80,129,0,30:c6:f7:15:3a:de 
req,188,65535 
res,188,146,2,7,-81,129,0,30:c6:f7:15:3a:de 
req,189,65535 
res,189,146,2,7,-80,135,0,30:c6:f7:15:3a:de 
req,190,65535 
res,190,146,2,7,-84,130,0,30:c6:f7:15:3a:de 
req,191,65535 
res,191,146,2,7,-78,129,0,30:c6:f7:15:3a:de 
req,192,65535 
res,192,146,2,7,-86,129,0,30:c6:f7:15:3a:de 
req,193,65535 
res,193,146,2,7,-82,129,0,30:c6:f7:15:3a:de 
req,194,65535 
res,194,146,2,7,-79,136,0,30:c6:f7:15:3a:de 
req,195,65535 
res,195,146,2,7,-80,130,0,30:c6:f7:15:3a:de 
req,196,65535 
res,196,146,2,7,-82,132,0,30:c6:f7:15:3a:de 
req,197,65535 
res,197,146,2,7,-86,131,0,30:c6:f7:15:3a:de 
req,198,65535 
res,198,146,2,7,-78,136,0,30:c6:f7:15:3a:de 
req,199,65535 
res,199,146,2,7,-82,132,0,30:c6:f7:15:3a:de 
req,200,65535 
res,200,146,2,7,-90,130,0,30:c6:f7:15:3a:de 
req,201,65535 
res,201,146,2,7,-76,136,0,30:c6:f7:15:3a:de 
req,202,65535 
res,202,146,2,7,-81,131,0,30:c6:f7:15:3a:de 
req,203,65535 
res,203,146,2,7,-81,138,0,30:c6:f7:15:3a:de 
req,204,65535 
res,204,146,2,7,-89,131,0,30:c6:f7:15:3a:de 
req,205,65535 
res,205,146,2,7,-87,133,0,30:c6:f7:15:3a:de 
req,206,65535 
res,206,146,2,7,-82,132,0,30:c6:f7:15:3a:de 
req,207,65535 
res,207,146,2,7,-85,130,0,30:c6:f7:15:3a:de 
req,208,65535 
res,208,146,2,7,-81,136,0,30:c6:f7:15:3a:de 
req,209,65535 
res,209,146,2,7,-81,130,0,30:c6:f7:15:3a:de 
req,210,65535 
res,210,146,2,7,-84,132,0,30:c6:f7:15:3a:de 
req,211,65535 
res,211,146,2,7,-83,132,0,30:c6:f7:15:3a:de 
req,212,65535 
res,212,146,2,7,-85,132,0,30:c6:f7:15:3a:de 
req,213,65535 
res,213,146,2,7,-89,131,0,30:c6:f7:15:3a:de 
req,214,65535 
res,214,146,2,7,-88,132,0,30:c6:f7:15:3a:de 
req,215,65535 
res,215,146,2,7,-81,130,0,30:c6:f7:15:3a:de 
req,216,65535 
res,216,146,2,7,-83,134,0,30:c6:f7:15:3a:de 
req,217,65535 
res,217,146,2,7,-80,134,0,30:c6:f7:15:3a:de 
req,218,65535 
res,218,146,2,7,-79,135,0,30:c6:f7:15:3a:de 
req,219,65535 
res,219,146,2,7,-90,133,0,30:c6:f7:15:3a:de 
req,220,65535 
res,220,146,2,7,-82,130,0,30:c6:f7:15:3a:de 
req,221,65535 
res,221,146,2,7,-88,137,0,30:c6:f7:15:3a:de 
req,222,65535 
res,222,146,2,7,-81,130,0,30:c6:f7:15:3a:de 
req,223,65535 
res,223,146,2,7,-81,133,0,30:c6:f7:15:3a:de 
req,224,65535 
res,224,146,2,7,-85,130,0,30:c6:f7:15:3a:de 
req,225,65535 
res,225,146,2,7,-86,133,0,30:c6:f7:15:3a:de 
req,226,65535 
res,226,146,2,7,-90,130,0,30:c6:f7:15:3a:de 
req,227,65535 
res,227,146,2,7,-79,129,0,30:c6:f7:15:3a:de 
req,228,65535 
res,228,146,2,7,-82,135,0,30:c6:f7:15:3a:de 
req,229,65535 
res,229,146,2,7,-79,133,0,30:c6:f7:15:3a:de 
req,230,65535 
req,230,65535 
res,230,146,2,7,-83,39,1,30:c6:f7:15:3a:de 
req,231,65535 
res,231,146,2,7,-81,135,0,30:c6:f7:15:3a:de 
req,232,65535 
res,232,146,2,7,-77,129,0,30:c6:f7:15:3a:de 
req,233,65535 
res,233,146,2,7,-78,132,0,30:c6:f7:15:3a:de 
req,234,65535 
res,234,146,2,7,-83,129,0,30:c6:f7:15:3a:de 
req,235,65535 
res,235,146,2,7,-83,130,0,30:c6:f7:15:3a:de 
req,236,65535 
res,236,146,2,7,-82,129,0,30:c6:f7:15:3a:de 
req,237,65535 
res,237,146,2,7,-81,137,0,30:c6:f7:15:3a:de 
req,238,65535 
res,238,146,2,7,-81,131,0,30:c6:f7:15:3a:de 
req,239,65535 
req,239,65535 
res,239,146,2,7,-79,31,1,30:c6:f7:15:3a:de 
req,240,65535 
res,240,146,2,7,-82,129,0,30:c6:f7:15:3a:de 
req,241,65535 
res,241,146,2,7,-90,130,0,30:c6:f7:15:3a:de 
req,242,65535 
res,242,146,2,7,-81,131,0,30:c6:f7:15:3a:de 
req,243,65535 
res,243,146,2,7,-84,138,0,30:c6:f7:15:3a:de 
req,244,65535 
res,244,146,2,7,-82,132,0,30:c6:f7:15:3a:de 
req,245,65535 
res,245,146,2,7,-86,141,0,30:c6:f7:15:3a:de 
req,246,65535 
res,246,146,2,7,-79,130,0,30:c6:f7:15:3a:de 
req,247,65535 
res,247,146,2,7,-86,135,0,30:c6:f7:15:3a:de 
req,248,65535 
res,248,146,2,7,-89,130,0,30:c6:f7:15:3a:de 
req,249,65535 
res,249,146,2,7,-81,136,0,30:c6:f7:15:3a:de 
req,250,65535 
res,250,146,2,7,-82,130,0,30:c6:f7:15:3a:de 
req,251,65535 
res,251,146,2,7,-81,130,0,30:c6:f7:15:3a:de 
req,252,65535 
res,252,146,2,7,-81,135,0,30:c6:f7:15:3a:de 
req,253,65535 
res,253,146,2,7,-80,132,0,30:c6:f7:15:3a:de 
req,254,65535 
res,254,146,2,7,-78,132,0,30:c6:f7:15:3a:de 
req,255,65535 
res,255,146,2,7,-87,134,0,30:c6:f7:15:3a:de 
req,256,65535 
res,256,146,2,7,-85,130,0,30:c6:f7:15:3a:de 
req,257,65535 
res,257,146,2,7,-80,141,0,30:c6:f7:15:3a:de 
req,258,65535 
res,258,146,2,7,-80,133,0,30:c6:f7:15:3a:de 
req,259,65535 
res,259,146,2,7,-80,132,0,30:c6:f7:15:3a:de 
req,260,65535 
res,260,146,2,7,-80,135,0,30:c6:f7:15:3a:de 
req,261,65535 
res,261,146,2,7,-86,132,0,30:c6:f7:15:3a:de 
req,262,65535 
res,262,146,2,7,-79,132,0,30:c6:f7:15:3a:de 
req,263,65535 
res,263,146,2,7,-87,135,0,30:c6:f7:15:3a:de 
req,264,65535 
res,264,146,2,7,-79,134,0,30:c6:f7:15:3a:de 
req,265,65535 
res,265,146,2,7,-81,134,0,30:c6:f7:15:3a:de 
req,266,65535 
res,266,146,2,7,-89,135,0,30:c6:f7:15:3a:de 
req,267,65535 
res,267,146,2,7,-82,138,0,30:c6:f7:15:3a:de 
req,268,65535 
res,268,146,2,7,-82,133,0,30:c6:f7:15:3a:de 
req,269,65535 
res,269,146,2,7,-80,129,0,30:c6:f7:15:3a:de 
req,270,65535 
res,270,146,2,7,-80,136,0,30:c6:f7:15:3a:de 
req,271,65535 
res,271,146,2,7,-81,134,0,30:c6:f7:15:3a:de 
req,272,65535 
res,272,146,2,7,-86,130,0,30:c6:f7:15:3a:de 
req,273,65535 
res,273,146,2,7,-88,134,0,30:c6:f7:15:3a:de 
req,274,65535 
res,274,146,2,7,-78,132,0,30:c6:f7:15:3a:de 
req,275,65535 
res,275,146,2,7,-82,130,0,30:c6:f7:15:3a:de 
req,276,65535 
res,276,146,2,7,-86,129,0,30:c6:f7:15:3a:de 
req,277,65535 
res,277,146,2,7,-93,141,0,30:c6:f7:15:3a:de 
req,278,65535 
res,278,146,2,7,-78,132,0,30:c6:f7:15:3a:de 
req,279,65535 
res,279,146,2,7,-90,138,0,30:c6:f7:15:3a:de 
req,280,65535 
res,280,146,2,7,-82,137,0,30:c6:f7:15:3a:de 
req,281,65535 
res,281,146,2,7,-83,131,0,30:c6:f7:15:3a:de 
req,282,65535 
res,282,146,2,7,-80,130,0,30:c6:f7:15:3a:de 
req,283,65535 
res,283,146,2,7,-81,133,0,30:c6:f7:15:3a:de 
req,284,65535 
res,284,146,2,7,-80,138,0,30:c6:f7:15:3a:de 
req,285,65535 
res,285,146,2,7,-81,140,0,30:c6:f7:15:3a:de 
req,286,65535 
res,286,146,2,7,-84,133,0,30:c6:f7:15:3a:de 
req,287,65535 
res,287,146,2,7,-79,131,0,30:c6:f7:15:3a:de 
req,288,65535 
res,288,146,2,7,-81,132,0,30:c6:f7:15:3a:de 
req,289,65535 
res,289,146,2,7,-78,131,0,30:c6:f7:15:3a:de 
req,290,65535 
res,290,146,2,7,-78,132,0,30:c6:f7:15:3a:de 
req,291,65535 
res,291,146,2,7,-79,130,0,30:c6:f7:15:3a:de 
req,292,65535 
res,292,146,2,7,-86,129,0,30:c6:f7:15:3a:de 
req,293,65535 
res,293,146,2,7,-87,135,0,30:c6:f7:15:3a:de 
req,294,65535 
res,294,146,2,7,-81,132,0,30:c6:f7:15:3a:de 
req,295,65535 
res,295,146,2,7,-82,137,0,30:c6:f7:15:3a:de 
req,296,65535 
res,296,146,2,7,-81,129,0,30:c6:f7:15:3a:de 
req,297,65535 
res,297,146,2,7,-86,139,0,30:c6:f7:15:3a:de 
req,298,65535 
res,298,146,2,7,-86,139,0,30:c6:f7:15:3a:de 
req,299,65535 
res,299,146,2,7,-81,135,0,30:c6:f7:15:3a:de 
req,300,65535 
res,300,146,2,7,-83,133,0,30:c6:f7:15:3a:de 
req,301,65535 
res,301,146,2,7,-83,130,0,30:c6:f7:15:3a:de 
req,302,65535 
res,302,146,2,7,-84,133,0,30:c6:f7:15:3a:de 
req,303,65535 
res,303,146,2,7,-83,133,0,30:c6:f7:15:3a:de 
req,304,65535 
res,304,146,2,7,-83,134,0,30:c6:f7:15:3a:de 
req,305,65535 
res,305,146,2,7,-93,132,0,30:c6:f7:15:3a:de 
req,306,65535 
res,306,146,2,7,-80,131,0,30:c6:f7:15:3a:de 
req,307,65535 
res,307,146,2,7,-92,138,0,30:c6:f7:15:3a:de 
req,308,65535 
res,308,146,2,7,-88,134,0,30:c6:f7:15:3a:de 
req,309,65535 
res,309,146,2,7,-82,130,0,30:c6:f7:15:3a:de 
req,310,65535 
res,310,146,2,7,-84,129,0,30:c6:f7:15:3a:de 
req,311,65535 
res,311,146,2,7,-80,129,0,30:c6:f7:15:3a:de 
req,312,65535 
res,312,146,2,7,-80,136,0,30:c6:f7:15:3a:de 
req,313,65535 
res,313,146,2,7,-84,134,0,30:c6:f7:15:3a:de 
req,314,65535 
res,314,146,2,7,-81,129,0,30:c6:f7:15:3a:de 
req,315,65535 
res,315,146,2,7,-83,132,0,30:c6:f7:15:3a:de 
req,316,65535 
res,316,146,2,7,-85,137,0,30:c6:f7:15:3a:de 
req,317,65535 
res,317,146,2,7,-83,131,0,30:c6:f7:15:3a:de 
req,318,65535 
req,318,65535 
res,318,146,2,7,-82,30,1,30:c6:f7:15:3a:de 
req,319,65535 
res,319,146,2,7,-79,130,0,30:c6:f7:15:3a:de 
req,320,65535 
res,320,146,2,7,-82,134,0,30:c6:f7:15:3a:de 
req,321,65535 
res,321,146,2,7,-86,130,0,30:c6:f7:15:3a:de 
req,322,65535 
res,322,146,2,7,-77,132,0,30:c6:f7:15:3a:de 
req,323,65535 
res,323,146,2,7,-84,139,0,30:c6:f7:15:3a:de 
req,324,65535 
res,324,146,2,7,-81,132,0,30:c6:f7:15:3a:de 
req,325,65535 
res,325,146,2,7,-81,130,0,30:c6:f7:15:3a:de 
req,326,65535 
res,326,146,2,7,-82,129,0,30:c6:f7:15:3a:de 
req,327,65535 
res,327,146,2,7,-83,138,0,30:c6:f7:15:3a:de 
req,328,65535 
res,328,146,2,7,-81,131,0,30:c6:f7:15:3a:de 
req,329,65535 
res,329,146,2,7,-88,132,0,30:c6:f7:15:3a:de 
req,330,65535 
res,330,146,2,7,-82,129,0,30:c6:f7:15:3a:de 
req,331,65535 
res,331,146,2,7,-82,132,0,30:c6:f7:15:3a:de 
req,332,65535 
res,332,146,2,7,-83,129,0,30:c6:f7:15:3a:de 
req,333,65535 
res,333,146,2,7,-80,129,0,30:c6:f7:15:3a:de 
req,334,65535 
res,334,146,2,7,-82,135,0,30:c6:f7:15:3a:de 
req,335,65535 
res,335,146,2,7,-80,133,0,30:c6:f7:15:3a:de 
req,336,65535 
res,336,146,2,7,-79,138,0,30:c6:f7:15:3a:de 
req,337,65535 
res,337,146,2,7,-83,140,0,30:c6:f7:15:3a:de 
req,338,65535 
res,338,146,2,7,-80,131,0,30:c6:f7:15:3a:de 
req,339,65535 
res,339,146,2,7,-81,130,0,30:c6:f7:15:3a:de 
req,340,65535 
res,340,146,2,7,-85,134,0,30:c6:f7:15:3a:de 
req,341,65535 
res,341,146,2,7,-93,136,0,30:c6:f7:15:3a:de 
req,342,65535 
res,342,146,2,7,-90,131,0,30:c6:f7:15:3a:de 
req,343,65535 
res,343,146,2,7,-81,137,0,30:c6:f7:15:3a:de 
req,344,65535 
res,344,146,2,7,-82,134,0,30:c6:f7:15:3a:de 
req,345,65535 
res,345,146,2,7,-90,130,0,30:c6:f7:15:3a:de 
req,346,65535 
res,346,146,2,7,-84,132,0,30:c6:f7:15:3a:de 
req,347,65535 
res,347,146,2,7,-85,135,0,30:c6:f7:15:3a:de 
req,348,65535 
res,348,146,2,7,-84,135,0,30:c6:f7:15:3a:de 
req,349,65535 
res,349,146,2,7,-83,132,0,30:c6:f7:15:3a:de 
req,350,65535 
res,350,146,2,7,-95,129,0,30:c6:f7:15:3a:de 
req,351,65535 
res,351,146,2,7,-87,130,0,30:c6:f7:15:3a:de 
req,352,65535 
res,352,146,2,7,-82,133,0,30:c6:f7:15:3a:de 
req,353,65535 
res,353,146,2,7,-80,132,0,30:c6:f7:15:3a:de 
req,354,65535 
res,354,146,2,7,-83,132,0,30:c6:f7:15:3a:de 
req,355,65535 
res,355,146,2,7,-85,138,0,30:c6:f7:15:3a:de 
req,356,65535 
res,356,146,2,7,-82,140,0,30:c6:f7:15:3a:de 
req,357,65535 
res,357,146,2,7,-79,131,0,30:c6:f7:15:3a:de 
req,358,65535 
res,358,146,2,7,-78,130,0,30:c6:f7:15:3a:de 
req,359,65535 
res,359,146,2,7,-82,133,0,30:c6:f7:15:3a:de 
req,360,65535 
res,360,146,2,7,-81,135,0,30:c6:f7:15:3a:de 
req,361,65535 
res,361,146,2,7,-92,132,0,30:c6:f7:15:3a:de 
req,362,65535 
res,362,146,2,7,-80,129,0,30:c6:f7:15:3a:de 
req,363,65535 
res,363,146,2,7,-79,134,0,30:c6:f7:15:3a:de 
req,364,65535 
res,364,146,2,7,-81,129,0,30:c6:f7:15:3a:de 
req,365,65535 
res,365,146,2,7,-78,134,0,30:c6:f7:15:3a:de 
req,366,65535 
res,366,146,2,7,-78,133,0,30:c6:f7:15:3a:de 
req,367,65535 
res,367,146,2,7,-77,133,0,30:c6:f7:15:3a:de 
req,368,65535 
res,368,146,2,7,-76,133,0,30:c6:f7:15:3a:de 
req,369,65535 
res,369,146,2,7,-77,136,0,30:c6:f7:15:3a:de 
req,370,65535 
res,370,146,2,7,-77,138,0,30:c6:f7:15:3a:de 
req,371,65535 
res,371,146,2,7,-78,129,0,30:c6:f7:15:3a:de 
req,372,65535 
res,372,146,2,7,-77,129,0,30:c6:f7:15:3a:de 
req,373,65535 
res,373,146,2,7,-77,133,0,30:c6:f7:15:3a:de 
req,374,65535 
res,374,146,2,7,-78,131,0,30:c6:f7:15:3a:de 
req,375,65535 
res,375,146,2,7,-81,130,0,30:c6:f7:15:3a:de 
req,376,65535 
res,376,146,2,7,-81,143,0,30:c6:f7:15:3a:de 
req,377,65535 
res,377,146,2,7,-88,129,0,30:c6:f7:15:3a:de 
req,378,65535 
res,378,146,2,7,-80,129,0,30:c6:f7:15:3a:de 
req,379,65535 
res,379,146,2,7,-78,132,0,30:c6:f7:15:3a:de 
req,380,65535 
res,380,146,2,7,-81,129,0,30:c6:f7:15:3a:de 
req,381,65535 
res,381,146,2,7,-83,132,0,30:c6:f7:15:3a:de 
req,382,65535 
res,382,146,2,7,-84,134,0,30:c6:f7:15:3a:de 
req,383,65535 
res,383,146,2,7,-80,136,0,30:c6:f7:15:3a:de 
req,384,65535 
res,384,146,2,7,-79,132,0,30:c6:f7:15:3a:de 
req,385,65535 
req,385,65535 
res,385,146,2,7,-81,32,1,30:c6:f7:15:3a:de 
req,386,65535 
res,386,146,2,7,-86,135,0,30:c6:f7:15:3a:de 
req,387,65535 
res,387,146,2,7,-84,135,0,30:c6:f7:15:3a:de 
req,388,65535 
res,388,146,2,7,-83,132,0,30:c6:f7:15:3a:de 
req,389,65535 
res,389,146,2,7,-81,139,0,30:c6:f7:15:3a:de 
req,390,65535 
res,390,146,2,7,-87,133,0,30:c6:f7:15:3a:de 
req,391,65535 
res,391,146,2,7,-81,129,0,30:c6:f7:15:3a:de 
req,392,65535 
